<?xml version="1.0" encoding="utf-8"?>
<TextDatabase xmlns:xsi="http://www.w3.org/2001/XMLSchema-instance" xsi:noNamespaceSchemaLocation="texts.xsd" Version="4.23.0">
  <Languages>
    <Language Id="GB" />
  </Languages>
  <Texts>
    <TextGroup Id="Group1" />
    <TextGroup Id="Unsorted">
      <Text Id="__SingleUse_BX1P" Alignment="Left" TypographyId="Typography_00">
        <Translation Language="GB">00</Translation>
      </Text>
      <Text Id="__SingleUse_JF4H" Alignment="Center" TypographyId="Typography_00">
        <Translation Language="GB">&lt;value&gt;</Translation>
      </Text>
      <Text Id="__SingleUse_ILS3" Alignment="Center" TypographyId="Type30">
        <Translation Language="GB">RING IN:</Translation>
      </Text>
      <Text Id="__SingleUse_3YQC" Alignment="Left" TypographyId="Typography_00">
        <Translation Language="GB">00</Translation>
      </Text>
      <Text Id="__SingleUse_2Y2D" Alignment="Center" TypographyId="Typography_00">
        <Translation Language="GB">&lt;value&gt;</Translation>
      </Text>
      <Text Id="__SingleUse_UXJH" Alignment="Left" TypographyId="Type30">
        <Translation Language="GB">SET MINUTES</Translation>
      </Text>
      <Text Id="__SingleUse_KVZA" Alignment="Left" TypographyId="Typography_00">
        <Translation Language="GB">00</Translation>
      </Text>
      <Text Id="__SingleUse_61R8" Alignment="Left" TypographyId="Typography_00">
        <Translation Language="GB">&lt;value&gt;</Translation>
      </Text>
      <Text Id="__SingleUse_LJTA" Alignment="Left" TypographyId="Type30">
        <Translation Language="GB">SET HOUR</Translation>
      </Text>
      <Text Id="__SingleUse_3JHQ" Alignment="Center" TypographyId="Default">
        <Translation Language="GB">SET ALARM</Translation>
      </Text>
      <Text Id="__SingleUse_99WT" Alignment="Left" TypographyId="Typography_00">
        <Translation Language="GB">00</Translation>
      </Text>
      <Text Id="__SingleUse_OC3S" Alignment="Center" TypographyId="Typography_00">
        <Translation Language="GB">&lt;value&gt;:</Translation>
      </Text>
      <Text Id="__SingleUse_9LGT" Alignment="Center" TypographyId="Default">
        <Translation Language="GB">SET TIME</Translation>
      </Text>
      <Text Id="__SingleUse_EBUQ" Alignment="Left" TypographyId="Typography_00">
        <Translation Language="GB">00</Translation>
      </Text>
      <Text Id="__SingleUse_L9U1" Alignment="Left" TypographyId="Typography_00">
        <Translation Language="GB">00</Translation>
      </Text>
      <Text Id="__SingleUse_GF73" Alignment="Center" TypographyId="Typography_00">
        <Translation Language="GB">&lt;value&gt;:&lt;value&gt;</Translation>
      </Text>
    </TextGroup>
  </Texts>
  <Typographies>
    <Typography Id="Default" Font="verdana.ttf" Size="20" Bpp="4" IsVector="no" Direction="LTR" FallbackCharacter="?" />
    <Typography Id="Large" Font="verdana.ttf" Size="40" Bpp="4" IsVector="no" Direction="LTR" FallbackCharacter="?" />
    <Typography Id="Small" Font="verdana.ttf" Size="10" Bpp="4" IsVector="no" Direction="LTR" FallbackCharacter="?" />
    <Typography Id="Typography_00" Font="verdana.ttf" Size="40" Bpp="4" IsVector="no" Direction="LTR" FallbackCharacter="?" WildcardCharacterRanges="0-9" />
    <Typography Id="Type30" Font="verdana.ttf" Size="30" Bpp="4" IsVector="no" Direction="LTR" FallbackCharacter="?" />
  </Typographies>
</TextDatabase>
